"494-12-0928","Sanders Burg","Michael Johnson","1132767573","USNV Hamilton
FPO AE 62693","2019-05-20"
"336-38-2622","Norma Bridge","Elizabeth Brown","3515000922","PSC 8211, Box 8944
APO AA 23068","2006-09-03"
"543-40-4538","Mcfarland Rapids","Patricia Nelson","1646277983","250 Taylor Trafficway
North Tinamouth, AL 96196","2008-08-19"
"467-54-8882","Mcfarland Rapids","Christopher Wise","5501708484","1881 Martinez Union Apt. 176
East Mark, AK 60484","1999-01-12"
"367-24-2307","Mcfarland Rapids","Marisa Johnson","9050217919","4823 Jimmy Ridges Apt. 288
West Kimberly, DE 06771","1999-09-28"
"261-07-2103","Norma Bridge","Kimberly Elliott","2973941130","2224 Pierce Stravenue Suite 448
East Shannon, LA 43885","2001-02-21"
"884-36-7475","Williams Station","William Cross","8426688661","14911 Reed Lodge Apt. 683
Georgeton, NE 09666","2020-06-07"
"622-41-5148","Sanders Burg","Donna Barnett","2256836376","1005 Simpson Stravenue
North Jamesmouth, WY 52463","1997-01-29"
"242-84-3566","Robert Plains","Dr. Gabrielle Delgado DVM","9246596866","976 Hailey Neck
Tracymouth, TN 32374","2018-05-25"
"711-26-9910","Victoria Falls","Dean Casey","7114566950","997 Cline Hills Suite 554
North Natashatown, NM 92508","2003-02-15"
"135-90-3214","Crystal Centers","Dana Murphy","7081462771","9709 Peter Road
South Rebecca, ND 52361","2021-01-11"
"516-78-5836","Lopez Isle","Aaron Heath","5296536062","2133 Holden Orchard Apt. 226
Smithborough, MT 66726","2000-08-18"
"533-52-7765","Julia Drives","Ryan Alvarez","8273818988","USCGC Frye
FPO AA 61401","2012-11-19"
"642-52-3364","Sanders Burg","Courtney Clarke","9005170523","Unit 5623 Box 4103
DPO AP 98869","2005-09-19"
"832-61-2140","Scott Island","Leah Perez","5091146824","02632 Molina Tunnel
Chaneyville, IN 80674","2004-04-16"
"351-65-8540","Victoria Falls","Terry Morales","6921776252","94070 Sharon Parkway Apt. 148
Gabrielashire, FL 23360","2016-01-05"
"423-12-6659","Norma Bridge","Nancy Davis","5016519917","Unit 2135 Box 1712
DPO AA 68451","2001-08-17"
"439-03-6023","Robert Plains","Grant Mercado","8981882681","2270 Chandler Fields Suite 809
West Wendy, ME 94387","2014-04-26"
"741-77-6051","Norma Bridge","Bobby Davis","9333446346","14011 Pittman Mount
Whitefurt, VT 63007","2020-08-05"
"585-85-4029","Maria Brooks","Ashlee Mckay","8160528607","3072 Christopher Creek Apt. 547
North Brenda, VA 05434","2003-12-13"
"204-50-7396","Williams Station","Ryan Bradley","1330942421","95252 Victor Forge Apt. 594
Lake Rebekah, AK 76801","2012-01-10"
"471-65-3793","Roberts Brooks","Connor Brown","7609775608","PSC 0529, Box 3351
APO AP 53725","2006-06-26"
"078-43-0688","Lopez Isle","Savannah Gardner","3638348831","676 Roberts Via Suite 905
Ramseystad, NH 08814","2020-01-31"
"778-69-4631","Catherine Rapid","Jake Farrell","7184154870","3945 Rojas Row
Phillipburgh, MO 32180","2021-12-30"
"036-05-3750","Tracy Garden","Ethan Mccoy","9718082932","5543 Cisneros Cliffs Suite 093
Elizabethfort, VA 90558","1999-02-14"
"772-51-5727","Amanda Cliffs","James Knight","8378509669","36933 Stark Place
East Michael, ND 66866","2019-12-22"
"695-93-6524","Andre Hills","Brittney Frank","4854080247","64276 Tina Fall
Jonesfurt, HI 07005","2016-12-03"
"371-80-4093","Robert Plains","Carlos Williams","3352474629","Unit 2249 Box 9464
DPO AP 49532","2012-05-22"
"700-09-2785","Tracy Garden","Anthony Perez","4775724686","194 Raymond Unions
Byrdmouth, WA 79216","2008-08-14"
"766-56-7678","Carter Underpass","Carolyn Miller","9640499950","98763 Johnson River Apt. 568
Lake Ariana, OH 75530","2019-05-20"
"016-92-9775","Amanda Cliffs","Melanie Adams","5850999152","7930 Matthew Flats Suite 306
Mackmouth, ME 93197","2020-10-17"
"356-17-4173","Andre Hills","Jacob Hoffman","4441678902","668 Reed Crest Apt. 080
Summerside, ND 32839","1992-04-10"
"394-52-5454","Robert Plains","Shannon Phillips","7457248048","1783 Barrett Islands Suite 709
Port Stevenstad, ME 42133","2020-07-24"
"247-74-1154","George Village","Andre Olson","6502066174","911 Ritter Fords
North Stephanie, MN 98005","2005-03-14"
"299-07-4536","Roberts Brooks","Toni Salazar","6130117853","4537 Rivera Lakes Suite 054
North Christopherstad, WI 03757","2016-09-07"
"333-63-2471","Amanda Cliffs","Sonya Cantu","5843467131","44727 Gates Mews
South Alan, SC 42449","1994-11-01"
"794-51-2506","Catherine Rapid","Keith Martin","3166151439","51801 Lewis Square
East Garyfort, OK 11592","1995-04-18"
"757-48-8616","Roberts Brooks","Taylor Barnes","6180669042","4522 Anthony Greens Suite 611
South Cindyburgh, WV 99947","2005-01-10"
"310-33-5310","Tracy Garden","Janice Rubio","3367495809","67674 Parrish Lake Suite 185
East Michael, AL 85088","2002-01-17"
"063-46-2479","Lopez Isle","William Kennedy","3428635709","09928 April Way
North Logan, UT 28245","2008-05-14"
"073-70-5261","Crystal Centers","David Mcclure","1275667150","6619 Jones Freeway Suite 231
North Victor, CO 02956","2009-04-02"
"125-03-8029","Amanda Cliffs","Samantha Bailey","2970530693","35091 Jones Forges
West Andrewbury, MA 33556","2011-10-19"
"106-21-4168","Tracy Garden","Terry Rios","6418697429","5390 Cindy Orchard
Coreymouth, NH 74071","2007-08-20"
"015-01-2586","Julia Drives","Jason Garrison","7812351618","550 Jasmine Burgs Suite 275
Larsonmouth, OH 26692","2000-12-17"
"587-06-7645","Victoria Falls","Amber Jones","6598537550","0024 Bass Rapids
Elliottberg, AR 02818","2012-09-05"
"357-75-0108","Amanda Cliffs","Nancy Harris","6222493777","1542 Lauren Shoal Apt. 236
Port Dianeport, AZ 02059","2019-02-20"
"719-42-0136","Amanda Cliffs","Alicia Wheeler","1494993387","343 Emily Radial
Bonniemouth, NE 15315","2020-05-17"
"459-09-4084","Tracy Garden","Brian Parker","6815405681","67376 Simmons Skyway Suite 587
West Meganside, NC 18016","2011-10-31"
"023-62-4453","Julia Drives","Justin Carney","2794451621","235 Rush Drive
East Kristinview, GA 08515","2011-08-08"
"171-61-2878","Williams Station","Alfred Anderson","9747633333","813 Sara Extension
North Brian, ND 07876","2020-08-14"
"647-07-3860","Mcfarland Rapids","Tina Collins","8733922754","692 Brittany Fields
West Destinyshire, WV 97436","2014-01-30"
"383-24-2311","Norma Bridge","Roberta Dixon","5582623953","Unit 3697 Box 9593
DPO AE 87553","2001-02-24"
"689-74-7938","Tracy Garden","Haley Lee","2651668849","7970 Wright Squares
Alvaradoland, CT 45963","2002-09-16"
"615-56-5353","Sanders Burg","Terry Strickland","6674966501","Unit 7356 Box 6010
DPO AP 23239","1999-10-16"
"444-13-3723","Amanda Cliffs","Gail Stephens","8412780655","919 Lee Roads
Ericfort, TX 95807","2015-04-26"
"617-45-3440","George Village","Helen Mccarty","4992124545","770 Jonathan Circle
Rodriguezshire, GA 40410","2020-07-12"
"691-62-2023","Robert Plains","James Benson","3525077898","PSC 6378, Box 5118
APO AA 52758","1994-08-31"
"240-41-7389","Andre Hills","Maria Bullock","6993072270","5471 Burns Rest Apt. 369
Martinport, UT 03814","2005-11-23"
"716-34-5973","Thomas Drive","Samantha Maynard","3108383371","207 Stevenson Heights
Lake Christine, LA 03320","1993-09-17"
"856-54-8738","Amanda Cliffs","Steven Mitchell","1803272221","9314 Williams Plaza Suite 967
Kristinaport, KS 83069","2017-08-16"
"744-49-6417","Catherine Rapid","Tiffany Chen","1833192762","987 Mitchell Canyon Apt. 785
Lake Joshua, NV 29376","1998-12-12"
"538-23-6135","Robert Plains","Benjamin Rodriguez","6981461501","USNV Castro
FPO AP 42741","2005-03-27"
"326-55-5521","Carter Underpass","Annette Martinez","8139326466","08866 Justin Ways
Webbburgh, KY 53469","2001-10-12"
"616-24-2020","Lopez Isle","Robert Parrish","2361498670","696 Hall Way
Rogersfort, MA 67957","2016-04-08"
"453-10-7576","Catherine Rapid","Melissa Patrick","8620819201","43093 Chavez Gardens Apt. 807
Adamsmouth, TN 23028","2005-03-07"
"322-21-5137","Julia Drives","Jose Blackwell","4965818596","4248 Goodwin Meadow
New Jason, AR 43824","1994-03-24"
"282-32-7541","Robert Plains","Gregory Huff","3057613476","32772 James Crest Suite 918
East John, WY 63321","2015-07-08"
"667-78-5804","Julia Drives","Dr. Janet Clark DDS","7798019963","447 Lynn Hollow Apt. 556
Lisaburgh, LA 48740","2015-03-24"
"420-10-4067","Coleman Plains","Lindsey Hart","9582167421","567 Alexander Street
North Brittany, ME 14240","2014-03-10"
"838-08-4170","Victoria Falls","Shaun Sloan","5716819588","21454 Shawn Springs
Morrisshire, ND 08836","1997-08-22"
"506-58-8557","Coleman Plains","Matthew Castro","4291107890","3715 Dixon Street
Cherylfurt, NC 33697","2006-04-28"
"116-12-6640","Maria Brooks","Alex Gordon","3797180364","042 Morales Spurs
Pachecostad, MT 36826","2011-05-28"
"476-02-9791","Maria Brooks","Michelle Rush","4664732326","9950 Frost Bridge Suite 526
South Samuelmouth, VT 10699","2018-11-03"
"736-65-4152","Tracy Garden","Craig Medina","5436916165","625 Peterson Course Apt. 559
North Timothy, WV 45644","2009-04-02"
"544-06-8977","Lopez Isle","Larry Cameron Jr.","8214963164","52068 Dorothy Bypass
North William, DE 14918","2001-11-17"
"311-17-2220","Scott Island","Joanna Long","3806183224","3982 Jason Falls
West Brian, PA 18883","2020-02-10"
"714-47-4279","Norma Bridge","Scott Sanders","8348771598","989 Green Locks
North Peggyfurt, OR 32094","2013-07-05"
"855-64-0271","Catherine Rapid","John Valencia","6495967856","10240 Sutton Burg
East Danielle, WA 85790","2016-08-12"
"515-12-3738","Tracy Garden","Eric Tucker","9770284022","3354 Anderson Cliff Suite 346
Lake Kimberly, CT 03281","1995-01-28"
"064-90-0131","Tracy Garden","Edgar Brooks","9350382474","7978 Taylor Viaduct Apt. 234
South Rachel, WI 88308","2017-07-03"
"549-11-8393","Victoria Falls","Chloe Mack","4446976143","Unit 9504 Box 6642
DPO AA 22120","2020-03-16"
"360-08-4932","Andre Hills","Colleen Cox","3766994619","18410 Martin Square
Rojasport, CA 64505","2006-12-07"
"626-20-4603","Williams Station","Albert Cunningham","7266862208","PSC 3521, Box 2398
APO AA 01062","2005-04-15"
"285-70-9586","Amanda Cliffs","Alexander Burke","7660333501","55923 Jeffery Forge
Brianport, FL 13275","2004-04-24"
"691-67-0599","Julia Drives","Russell Miller","6594605621","9139 Bowman Creek
West Ryan, CA 42236","2007-12-07"
"220-02-9612","Amanda Cliffs","Nathan Olson","8405379013","34825 James Route
Pamelabury, MN 18027","1993-06-13"
"314-59-3334","Norma Bridge","Karen Long","1494680829","6175 Huff Neck
Christopherton, MT 18186","2010-02-20"
"850-96-0300","George Village","Rebecca Thompson","7300507653","501 Joel Passage
Heatherville, UT 74248","2020-03-14"
"848-27-4290","Roberts Brooks","Emily Lyons","3982258101","9342 Natalie Route
Laurenfurt, MT 44616","1993-05-27"
"779-02-5029","Scott Island","Christina Williams","2394074775","37003 Alicia Pine
Harrisbury, IN 45639","2010-04-28"
"742-89-8885","Maria Brooks","Laurie Miller","8826985878","323 Chang Springs
Lake Evan, ME 77334","1998-04-13"
"234-60-8280","Lopez Isle","Joseph Marshall","3311296403","9293 Madden Mills
Laurenmouth, WV 19931","2008-04-30"
"053-90-2869","Norma Bridge","Brittany Larsen","1324431426","093 Lewis Divide Apt. 759
North Katrina, NC 30099","2007-10-17"
"234-84-2834","Catherine Rapid","Kayla Donovan","6548949089","95860 Moody Court Suite 633
Jonathanland, MD 75346","2017-04-22"
"210-98-2392","Mcfarland Rapids","Steven Mercer","1279550075","70393 Dana Overpass Apt. 232
Mcleantown, CA 56711","2010-12-16"
"456-77-6752","Andre Hills","Rachel Downs","9628640334","47108 Catherine Vista Apt. 269
West Jaclynview, DE 80652","2006-09-21"
"304-53-4532","Lopez Isle","Leslie Carr","8826055055","058 Davis Plaza
Port Chadfort, DE 36777","1993-05-12"
"717-26-1742","Crystal Centers","John Downs","2418821540","7299 Wagner Keys Suite 653
Robinsonburgh, CT 43592","2008-02-21"
"343-73-2408","Andre Hills","Gary Clark","7977273612","184 Bill Shore
Josephport, NV 68870","2000-06-11"
"411-76-9143","Scott Island","Donna Rodriguez","5727079499","3344 Simpson Points Suite 780
Lake Ashley, PA 55012","2004-05-12"
