"498-52-4970","Gary Cross","5790390687","711 Golden Overpass
West Andreaville, MA 71317","tamaramorrison@hotmail.com","Robert Stewart","1817670926","shannon51@yahoo.com","parent"
"814-22-5449","Russell Jones","2028283729","91634 Strong Mountains Apt. 302
West Alyssa, PA 58475","alexandermaldonado@hotmail.com","James Sandoval","8032576879","smithjames@yahoo.com","sister"
"582-54-0767","Clarence Alvarez","5599321062","42851 Joshua Brook Apt. 034
Staceyshire, AZ 98691","djoseph@hotmail.com","Christopher Bennett","6705953020","sarahparker@hotmail.com","sister"
"486-44-5631","Daniel Duarte","1169289719","731 Sanders Fords
Port Jasonberg, ID 60585","jward@gmail.com","Jared Frazier","1966757007","jennifer71@gmail.com","parent"
"339-21-2439","Tommy Turner","5012743224","45007 Thomas Way
Lake Hollystad, AZ 80687","dhughes@gmail.com","Linda Anderson","7383030514","mwatson@yahoo.com","parent"
"795-81-8232","Melissa Cantu","2895357849","420 Michael Mountains Suite 485
New Victoria, ND 76634","eric22@gmail.com","Catherine Watson","6890962438","aortiz@hotmail.com","sister"
"115-72-9922","Stacey Williams","8495618558","4391 Chad Greens Suite 851
Port Frank, LA 37561","audreyburton@hotmail.com","Joshua Figueroa","3667785436","trevor07@yahoo.com","parent"
"867-68-1089","Michelle Warren","1225714774","7633 Bentley Radial Apt. 603
Port Jacobton, SC 89301","jesseevans@gmail.com","Stephen Jenkins","2502389172","rlewis@gmail.com","brother"
"697-29-9972","Kristen Smith","1071117895","PSC 6777, Box 1113
APO AE 20659","nhenson@yahoo.com","Kristin Tanner","4057615814","qherrera@yahoo.com","friend"
"676-01-8775","Stephanie Rodriguez","5905088714","82778 Padilla Common
Derrickfurt, ID 41974","patrick03@gmail.com","Jessica Swanson","2339822929","ntaylor@yahoo.com","brother"
"547-69-7581","Oscar Bennett","5952336950","85265 Pratt Lock Apt. 484
Maddenside, OH 34900","bryantjennifer@yahoo.com","Don Forbes","4522217328","brendacortez@hotmail.com","uncle"
"301-42-8108","Justin Branch","2407727203","296 Marshall Camp
Fieldsbury, AK 47978","erinmccoy@hotmail.com","Nicolas Duncan","2318637093","reillycynthia@yahoo.com","sister"
"447-82-6378","Kyle Powell","5874256411","080 Herring Key Apt. 182
Jamesview, UT 93388","kimberly87@gmail.com","Andrew Richards","9835454432","lisaboyd@hotmail.com","parent"
"107-55-9954","Jared Vaughn","9614145821","1086 Johnson Path Apt. 155
South Tammyberg, NC 82490","susan06@yahoo.com","Peggy Moore","4442785495","paultownsend@gmail.com","friend"
"004-05-0774","Frank Yates","3256161481","66617 Martin Junctions Suite 629
Kathleenville, MI 19204","katie80@gmail.com","Erika James","8812470704","garyclark@gmail.com","brother"
"822-53-4289","Heidi Sharp","6435395261","732 Kimberly Pass Apt. 028
Franklinborough, VT 90110","lbaker@gmail.com","Krystal Hendricks","5771164034","along@hotmail.com","friend"
"843-86-2242","Sean Perez","1019356259","417 Martinez Drives Suite 325
Perezfurt, NH 67810","kwhitney@hotmail.com","John Edwards","1856270134","hallbradley@yahoo.com","sister"
"867-54-1095","Kathryn Hansen","9423008385","526 Bennett Port Suite 373
Timothychester, NV 95320","transusan@yahoo.com","John Thomas","3237300109","robertlee@yahoo.com","brother"
"445-20-8085","Mark Mitchell","7295356240","767 Singleton Mountain Apt. 231
South Stephanie, ND 28028","janet06@gmail.com","Shane Jenkins","7215474549","matthewssusan@yahoo.com","friend"
"234-76-4324","Deanna Taylor","8866163969","9181 Todd Pike
West Colin, VT 28939","heatherhayden@yahoo.com","Derrick Kaufman","1527027523","michelle16@hotmail.com","uncle"
"448-87-4698","David Campbell","7554685786","USS Martin
FPO AP 47333","johnwalker@yahoo.com","Victoria Stephens","1442535693","nwagner@yahoo.com","parent"
"011-96-3982","Eric Taylor","9032235020","9684 Jacob Forge Suite 828
Port Carla, ND 66864","qstark@yahoo.com","Joseph Clarke","6309168362","smithsabrina@gmail.com","sister"
"119-90-0406","Gina Taylor","5235898261","PSC 4172, Box 1848
APO AP 53527","kfisher@hotmail.com","Robin Schroeder","1209194799","edwardslori@gmail.com","sister"
"136-72-4870","Ashley Cook","8409692097","3475 Ruiz Pine
North Lesliefurt, MO 71569","harnold@gmail.com","Sandra Dixon","6866864351","ohunt@hotmail.com","uncle"
"114-48-7131","Karen Barrett","1186089213","07992 Stewart Islands Suite 928
Myersstad, LA 32039","jonathanallen@hotmail.com","George Schultz","5108538194","michaelrussell@hotmail.com","uncle"
"499-54-5148","Caitlin White","7667381345","94312 Dickson Falls Apt. 905
Gregoryview, VA 92174","latoya30@gmail.com","Megan Barnes","1281220029","michael94@gmail.com","sister"
"733-59-2363","Brent Morales MD","3881302496","19661 Alicia Forge
Davisville, DC 79641","andreameyer@hotmail.com","Thomas Chambers","3638323979","umurphy@hotmail.com","sister"
"420-31-0293","Maria Garcia","3245793817","4948 Martin Road
Lake Lynnhaven, NM 85722","alexanderthomas@hotmail.com","Valerie Charles","7240500489","jasondavis@hotmail.com","parent"
"133-91-5438","Timothy Hayden","7226523440","PSC 7256, Box 6659
APO AE 12008","aanderson@hotmail.com","David Walsh","1063798187","nicole97@yahoo.com","parent"
"118-65-4936","Reginald Lopez","6292287778","430 Stephen Path Apt. 369
Andreaton, MT 61711","mrichardson@hotmail.com","Bonnie Miller","9592764818","millernicholas@yahoo.com","sister"
"405-92-9605","Christopher Sanders","7387604428","174 Turner Bypass
Martinmouth, AR 85806","jeffrey74@hotmail.com","Jeff Williams","1344891321","fletchercathy@hotmail.com","sister"
"876-48-6917","Debbie Taylor","6108747853","18724 Lopez Crescent Apt. 561
Kimfurt, MI 04694","jesse06@hotmail.com","Amber Pollard","8122020652","brandycardenas@gmail.com","uncle"
"120-99-0274","Dustin Franklin","9697265816","USNS Henderson
FPO AP 86501","bbowen@yahoo.com","Diana Shepherd","2527921298","zlane@hotmail.com","brother"
"808-78-7425","Howard Anderson","1500936793","144 White Avenue
Sullivanborough, MT 35472","freynolds@yahoo.com","Philip Fuller","6922077327","guerrerofrank@yahoo.com","brother"
"194-85-4955","Ariana Castaneda","2451227911","2642 Mallory Corner Apt. 857
West Zacharyport, AR 18854","gregory33@gmail.com","Isaac Walker","9583517935","uberg@hotmail.com","sister"
"494-18-0023","Gary Lambert","2232568155","74662 Thomas Extension
North Molly, NY 66855","brendalopez@yahoo.com","Jeffrey White","5897729913","vfreeman@hotmail.com","parent"
"812-87-5320","Allen Trevino","2447174374","4927 Smith Islands Apt. 604
New Lindsay, CO 55705","ikane@hotmail.com","Samantha Morgan","7711834369","nancydoyle@yahoo.com","brother"
"205-16-5776","Linda Jackson","2215404081","Unit 1258 Box 0954
DPO AP 30147","alexander65@gmail.com","Gregory Garcia","8912395452","debrarodriguez@gmail.com","parent"
"365-77-4032","Angela Rodriguez","4045992988","640 Taylor Passage
Lake Sean, KY 55126","waltonbridget@gmail.com","Debra Watson","7490486582","nicholsgail@yahoo.com","parent"
"151-16-4705","Jennifer Marsh","8855028532","41694 Ashlee Lodge Suite 853
East Denise, DE 70663","kennethwashington@gmail.com","Linda Lopez","4431566186","jeffrey95@yahoo.com","parent"
"782-43-4166","Mrs. Courtney Hamilton DDS","5510970382","27020 Ashley Springs Apt. 150
Port Jeremy, ME 74661","jill85@hotmail.com","Luis Carey DDS","6981411682","davidevans@yahoo.com","uncle"
"262-90-8417","Jennifer Griffin","8696778683","51267 Cervantes Harbors Apt. 287
Greenville, TX 23107","rowemichael@yahoo.com","Glenda Maddox","5452585440","danieldavidson@yahoo.com","parent"
"181-60-1683","Aaron Garrison","5642458959","08292 Donald Plaza
South Paul, LA 45626","youngsamantha@yahoo.com","William Lowe","8716355869","connor24@gmail.com","brother"
"205-21-9539","Jacqueline Roy","2490798095","PSC 3962, Box 4983
APO AE 51644","rward@yahoo.com","Linda Sandoval","1683691483","edwardclark@gmail.com","parent"
"063-36-9387","Jennifer Contreras","4381335785","02650 Cochran Path
Ryanville, RI 73091","jasonday@yahoo.com","Angela Johnson","9005403297","alexanderboyd@yahoo.com","brother"
"580-07-9277","Michelle Garcia","4742458969","72939 Bell Greens Suite 229
Rodriguezbury, MI 89921","adrian73@yahoo.com","Alexander Briggs","3322121083","mcbridebradley@yahoo.com","friend"
"125-20-9088","Jorge Nelson","2016140240","Unit 3144 Box 3136
DPO AP 21976","jason73@yahoo.com","Austin Bean","8409039578","solomonaustin@hotmail.com","sister"
"654-10-4414","David Harper","7101087665","70754 Strong Camp
Port Ethan, VT 92827","kevinclements@hotmail.com","Laura Trevino","4394076218","william08@gmail.com","parent"
"575-05-5640","Keith Ramsey","7524977875","5383 Kimberly Tunnel Apt. 342
South Jesse, IN 52392","whenderson@gmail.com","Steven Rios","5045404207","tracygrant@hotmail.com","friend"
"713-41-2936","Austin Holland","5336477325","08987 Ramirez Avenue
Bellchester, UT 04795","wrightkaylee@hotmail.com","Mrs. Christine Adams","5007830370","stephaniemorales@yahoo.com","uncle"
"645-67-3288","Stephanie Garza","3875179651","0164 Ramirez Avenue Apt. 753
North Roger, TN 10063","gregorymontgomery@hotmail.com","Jonathan Hampton","4401746061","stewartrobert@gmail.com","parent"
"346-49-1033","Jessica Reid","2943996744","93550 Neal Vista
West Christinastad, MT 10762","sknapp@gmail.com","Joshua Newman","9637366996","sarahlarson@yahoo.com","parent"
"859-84-7439","Robert Gould","5250963673","5565 Powers Avenue Apt. 753
West Alexanderchester, OR 56221","savannahsoto@hotmail.com","Alan Reid","9546074950","smithmegan@hotmail.com","brother"
"726-38-5736","Jesse Daniel","9075478510","7498 Kelly Gateway Apt. 733
Lisaborough, OK 94452","edward63@gmail.com","Sharon Tucker","7557613441","iwood@gmail.com","brother"
"158-12-4219","Ronald Ferrell","6653602020","270 Lindsey Knoll
Ronaldbury, MT 97832","mhiggins@hotmail.com","Miss Leslie Mccarty","7135787896","ashley73@yahoo.com","friend"
"508-01-2614","Taylor King","9031497958","993 Ramirez Curve Suite 253
East Julie, MO 62683","lbrown@hotmail.com","Samantha Patterson","3163406769","charlesbrittany@yahoo.com","brother"
"809-93-8298","Jeffrey Torres","7617202418","4012 Stephenson Greens
North Daniel, RI 66702","jeffreychavez@yahoo.com","Jack Stephens","6159703775","rdickson@yahoo.com","friend"
"781-10-9124","Thomas Underwood","7722983798","9970 Chandler Lodge Suite 903
Michaelmouth, MT 25436","bbrown@yahoo.com","Brittany Galloway","6613771629","qrobinson@gmail.com","uncle"
"717-10-6833","Joshua Whitney","6920555776","041 Rogers Mall
Douglasfurt, DC 54863","jerrybrooks@hotmail.com","Dr. Debbie Anderson DDS","6537840714","jesse38@gmail.com","brother"
"842-17-3732","Gregory Parker DDS","3116297614","9807 Robert Ranch
North Alexis, HI 09525","nelsontammy@hotmail.com","Jason Rivera","1480374695","vvelazquez@gmail.com","friend"
"246-21-5721","Catherine Stevens","4581857433","5745 Morris Hollow
Clayfort, RI 84378","brianna61@hotmail.com","Krystal Lang","8728406068","gilmorekevin@yahoo.com","uncle"
"387-91-2546","Daniel Hall","2047423045","USNS Cisneros
FPO AP 07096","sarabender@hotmail.com","Toni Banks","5821819528","shawnsimmons@gmail.com","friend"
"538-23-0001","Ryan Kline","3586054445","30352 Buchanan Bypass Suite 685
East Kelly, AR 43873","andersoncarl@gmail.com","Jamie Vaughan","2275583325","davidthomas@gmail.com","parent"
"228-35-9912","Russell Davila","6755974323","799 Hudson Village Apt. 242
Scottshire, ME 57535","karen90@yahoo.com","Adam Lawson","6788882905","vrodriguez@hotmail.com","friend"
"822-94-4493","Eric Norton","1353477625","64189 Mathews Expressway
Perrybury, KY 36008","gregg31@yahoo.com","John Davis","8379803625","alexanderpamela@gmail.com","friend"
"458-12-5792","Brittany Frank","8747468622","PSC 9367, Box 8046
APO AP 15197","mike86@yahoo.com","Courtney Wells","2876564619","hlane@yahoo.com","friend"
"133-33-4612","Michelle Welch","9879114484","6308 Carroll Park
South Chelsea, NY 90222","jacksonlori@gmail.com","Stephanie Hoover","1376284681","kathleen81@gmail.com","uncle"
"087-66-9966","Roger Chavez","5048748311","389 Johnson Curve
New Danielburgh, MN 27586","ortizjames@gmail.com","Jennifer Gomez","4031008217","robertsmakayla@gmail.com","uncle"
"542-17-2966","Karen Myers","2974574404","3033 Lynch Expressway
South Katelynfurt, HI 04244","millercorey@hotmail.com","Erica Brown","6223768575","williamcarlson@gmail.com","friend"
"354-84-0146","Krista Thompson","1002560151","51955 Padilla Rapid Apt. 834
New Gabrielhaven, IL 82065","maurice65@hotmail.com","Jeffrey Carter","6839854456","davidnguyen@gmail.com","parent"
"271-07-0095","Kevin Holloway","2532696387","87985 Richard Dam
Kathleenhaven, GA 65455","clarkmichael@hotmail.com","Parker Smith","6802721952","margaret52@gmail.com","parent"
"260-46-2659","Heather Austin","7339158106","166 Rivera Port Suite 671
South Timothy, WV 28585","janetpetty@hotmail.com","Ronald Black","5174499093","lcampos@hotmail.com","parent"
"862-83-5181","Gabriel Mcgee","8500436895","3087 Kevin Shore Apt. 490
New Teresahaven, MN 46466","robertsonnancy@hotmail.com","Chad Hogan","8245386828","brittneykim@yahoo.com","sister"
"076-63-5484","Christopher Strong","9542915237","9996 Nicholas Ford Apt. 375
New Kaitlin, WV 94000","wrubio@gmail.com","Patricia Stewart","8247554793","charlotte79@hotmail.com","brother"
"472-19-8484","James Lane","6934952268","386 Samuel Roads
West Johnland, NV 39163","kimberly50@yahoo.com","Christina Smith","9590639238","williamcook@yahoo.com","sister"
"060-07-6090","David Harrington MD","8675618592","072 Ryan Union
East Fredtown, CA 20703","gonzalezkimberly@hotmail.com","Adam Murray","4150067142","acollins@hotmail.com","brother"
"650-64-5829","Russell Williams","6156262997","089 Trevor Plains
North Michael, NV 73271","ronald44@hotmail.com","Aaron Huff","7433253653","lauriegeorge@yahoo.com","friend"
"390-10-7598","John Jones","1029604490","2350 Mary Rue
Stewartside, AZ 06161","conradandrea@gmail.com","Jessica Martinez","8884152279","lewismeredith@gmail.com","brother"
"676-64-0813","Linda Leblanc","8054541353","269 Michael Fall Suite 500
Jasonshire, WV 23650","klawson@yahoo.com","Tamara Cox","5272888272","smithjoseph@hotmail.com","parent"
"333-64-4040","Francisco Boyle","4169081486","68944 Michele Pike
Christopherview, IL 78188","wbyrd@gmail.com","Ryan Sanchez","3571700209","aprilrodriguez@gmail.com","brother"
"576-10-8126","Daniel Howell","1880961243","654 Valentine Plaza
Lake Pamelaborough, MO 54177","carlajones@gmail.com","Patrick Roberts","4355559548","hartmanchristopher@gmail.com","parent"
"215-57-6089","Jordan Pollard","8358659001","USNV Miller
FPO AA 89058","james05@hotmail.com","Danielle Soto","4258771753","katelynclayton@yahoo.com","brother"
"262-02-9753","James Anderson","4465137696","35447 Buck Ranch
West Joshuachester, OH 65997","campbellronald@gmail.com","Maria Cherry","6833188947","chobbs@gmail.com","friend"
"152-84-8147","Amanda Martinez","7178152144","Unit 8182 Box 5622
DPO AE 44832","kelsey34@yahoo.com","Bryan Dunlap","5675757109","ukramer@hotmail.com","parent"
"359-11-6302","Jamie Harris","4537431405","4496 Chris Brooks
Jefferyhaven, AK 88025","jaclyn81@hotmail.com","Andrea Washington","3454071526","kimbrittany@yahoo.com","brother"
"709-04-2972","John Singh","4986762005","PSC 8570, Box 2827
APO AE 92239","tanderson@hotmail.com","Colin Sweeney","4888459200","ysteele@gmail.com","brother"
"685-29-8262","Katrina Jackson","5655118484","3314 Kayla Ridges Apt. 644
Andreafort, VT 33835","nicholas19@gmail.com","George Jones","1247690336","sadkins@hotmail.com","friend"
"152-84-6014","Phillip Vasquez","4186270401","USS Townsend
FPO AE 49235","robert93@yahoo.com","Marilyn Blackwell","8472904013","adamhanson@yahoo.com","friend"
"492-79-1336","Brandon Hood","5340860857","USCGC Lopez
FPO AA 61550","carlcamacho@gmail.com","Blake Williams","3699815700","browndavid@gmail.com","friend"
"236-91-4063","Timothy Norris","7318570084","5907 Mcfarland Drive Suite 307
Jenniferfort, CT 49002","mollyholland@gmail.com","Janice Davis","2068601486","ahinton@yahoo.com","parent"
"311-42-8032","Courtney Jones","4621103204","5729 Suzanne Flat Suite 314
New Kevinmouth, MS 93143","omargarcia@yahoo.com","Gabriella Maldonado","5159281181","vschneider@hotmail.com","sister"
"175-11-1628","Nancy Beck","8228760277","91819 Johnson Burgs Suite 615
Lake Melinda, NM 23353","jonesamy@hotmail.com","James Martinez","2061980668","jonathanmendoza@hotmail.com","brother"
"480-05-0560","Tyler Howard","9597998200","939 Kemp Ville Suite 546
Ingramland, OH 95852","julie32@gmail.com","Mr. Tony Howard","4192946811","megan26@hotmail.com","parent"
"815-29-7571","Martin Reeves","2222736066","5906 Justin Motorway Suite 321
Port Leah, KS 74604","mstevenson@yahoo.com","Kathy Santos","6721871838","uwaller@yahoo.com","sister"
"490-42-9918","Maria Hall","7171123626","81649 Chan Circles Suite 182
Lake Timothybury, NE 55859","carla66@yahoo.com","Sarah Hayes","3864521242","christopher27@yahoo.com","friend"
"286-60-0808","Jennifer Maldonado","4579563880","9017 Bell Loop
North Jakeville, AZ 20083","matthew03@yahoo.com","Autumn Li","4049917063","douglas49@gmail.com","sister"
"137-26-6191","Ann Hill","5746100303","1637 Laura Pike Suite 992
Jimmyside, NV 04581","browndawn@yahoo.com","James Nelson","3343572830","chambersnicholas@yahoo.com","uncle"
"748-44-0399","Mitchell Flores","1803592226","605 Stanley Court
East Danielle, VA 59482","kelsey58@gmail.com","Michelle Tyler","9764706084","alexislarsen@gmail.com","friend"
"708-94-8469","Cindy Davila","4709350207","596 Perez Cape Apt. 107
Feliciaville, LA 15548","thomasjaime@hotmail.com","Robert Gonzalez","5058042917","jordan94@hotmail.com","friend"
"674-84-2075","Johnathan Andrews","8245672561","216 Marilyn Drives Suite 208
New Herbert, MT 90717","teresarivera@yahoo.com","Patricia Moreno","8391231865","sbrown@hotmail.com","friend"
